id,firstname,lastname,email,email2,profession
100,Ericka,Abbot,Ericka.Abbot@yopmail.com,Ericka.Abbot@gmail.com,firefighter
101,Ericka,Leler,Ericka.Leler@yopmail.com,Ericka.Leler@gmail.com,police officer
102,Lory,Macey,Lory.Macey@yopmail.com,Lory.Macey@gmail.com,police officer
103,Sheelagh,Secrest,Sheelagh.Secrest@yopmail.com,Sheelagh.Secrest@gmail.com,developer
104,Ellette,Hunfredo,Ellette.Hunfredo@yopmail.com,Ellette.Hunfredo@gmail.com,doctor
105,Jobi,Pitt,Jobi.Pitt@yopmail.com,Jobi.Pitt@gmail.com,doctor
106,Jenda,Madaih,Jenda.Madaih@yopmail.com,Jenda.Madaih@gmail.com,worker
107,Mamie,Killigrew,Mamie.Killigrew@yopmail.com,Mamie.Killigrew@gmail.com,doctor
108,Cathie,Leler,Cathie.Leler@yopmail.com,Cathie.Leler@gmail.com,developer
109,Cherrita,Weitman,Cherrita.Weitman@yopmail.com,Cherrita.Weitman@gmail.com,worker
110,June,Camden,June.Camden@yopmail.com,June.Camden@gmail.com,police officer
111,Jaclyn,Ehrman,Jaclyn.Ehrman@yopmail.com,Jaclyn.Ehrman@gmail.com,firefighter
112,Emylee,Goerke,Emylee.Goerke@yopmail.com,Emylee.Goerke@gmail.com,developer
113,Nannie,Reinke,Nannie.Reinke@yopmail.com,Nannie.Reinke@gmail.com,developer
114,Sharai,Schroth,Sharai.Schroth@yopmail.com,Sharai.Schroth@gmail.com,firefighter
115,Merrie,Emanuel,Merrie.Emanuel@yopmail.com,Merrie.Emanuel@gmail.com,police officer
116,Emma,Greyson,Emma.Greyson@yopmail.com,Emma.Greyson@gmail.com,worker
117,Nananne,Lane,Nananne.Lane@yopmail.com,Nananne.Lane@gmail.com,worker
118,Arabel,Ashok,Arabel.Ashok@yopmail.com,Arabel.Ashok@gmail.com,worker
119,Corly,Pettiford,Corly.Pettiford@yopmail.com,Corly.Pettiford@gmail.com,worker
120,Petronia,Robertson,Petronia.Robertson@yopmail.com,Petronia.Robertson@gmail.com,police officer
121,Tilly,Lissi,Tilly.Lissi@yopmail.com,Tilly.Lissi@gmail.com,developer
122,Kittie,Kristi,Kittie.Kristi@yopmail.com,Kittie.Kristi@gmail.com,developer
123,Aubrie,Dituri,Aubrie.Dituri@yopmail.com,Aubrie.Dituri@gmail.com,firefighter
124,Ileana,Saunderson,Ileana.Saunderson@yopmail.com,Ileana.Saunderson@gmail.com,doctor
125,Harrietta,Dituri,Harrietta.Dituri@yopmail.com,Harrietta.Dituri@gmail.com,developer
126,Cacilie,Obed,Cacilie.Obed@yopmail.com,Cacilie.Obed@gmail.com,police officer
127,Belva,Shanley,Belva.Shanley@yopmail.com,Belva.Shanley@gmail.com,police officer
128,Aeriela,Warthman,Aeriela.Warthman@yopmail.com,Aeriela.Warthman@gmail.com,police officer
129,Cherilyn,Lia,Cherilyn.Lia@yopmail.com,Cherilyn.Lia@gmail.com,developer
130,Konstance,Raychel,Konstance.Raychel@yopmail.com,Konstance.Raychel@gmail.com,worker
131,Sheelagh,Lesley,Sheelagh.Lesley@yopmail.com,Sheelagh.Lesley@gmail.com,doctor
132,Inga,Brandice,Inga.Brandice@yopmail.com,Inga.Brandice@gmail.com,developer
133,Miquela,Ariella,Miquela.Ariella@yopmail.com,Miquela.Ariella@gmail.com,developer
134,Kylynn,Goldina,Kylynn.Goldina@yopmail.com,Kylynn.Goldina@gmail.com,developer
135,Theodora,Bonucci,Theodora.Bonucci@yopmail.com,Theodora.Bonucci@gmail.com,worker
136,Laure,Odysseus,Laure.Odysseus@yopmail.com,Laure.Odysseus@gmail.com,developer
137,Corry,Colyer,Corry.Colyer@yopmail.com,Corry.Colyer@gmail.com,worker
138,Elise,Kolnick,Elise.Kolnick@yopmail.com,Elise.Kolnick@gmail.com,developer
139,Cherrita,Corilla,Cherrita.Corilla@yopmail.com,Cherrita.Corilla@gmail.com,doctor
140,Tiffie,Mich,Tiffie.Mich@yopmail.com,Tiffie.Mich@gmail.com,firefighter
141,Ida,Mayeda,Ida.Mayeda@yopmail.com,Ida.Mayeda@gmail.com,firefighter
142,Alameda,Sherrie,Alameda.Sherrie@yopmail.com,Alameda.Sherrie@gmail.com,developer
143,Leona,Zachary,Leona.Zachary@yopmail.com,Leona.Zachary@gmail.com,firefighter
144,Nickie,O'Carroll,Nickie.O'Carroll@yopmail.com,Nickie.O'Carroll@gmail.com,firefighter
145,Dulcinea,Bettine,Dulcinea.Bettine@yopmail.com,Dulcinea.Bettine@gmail.com,police officer
146,Ardenia,Middleton,Ardenia.Middleton@yopmail.com,Ardenia.Middleton@gmail.com,doctor
147,Lauryn,Adamsen,Lauryn.Adamsen@yopmail.com,Lauryn.Adamsen@gmail.com,worker
148,Dione,Hubert,Dione.Hubert@yopmail.com,Dione.Hubert@gmail.com,doctor
149,Bernie,Waldron,Bernie.Waldron@yopmail.com,Bernie.Waldron@gmail.com,police officer
150,Sarette,Neva,Sarette.Neva@yopmail.com,Sarette.Neva@gmail.com,firefighter
151,Janeczka,Millda,Janeczka.Millda@yopmail.com,Janeczka.Millda@gmail.com,police officer
152,Karlee,Plato,Karlee.Plato@yopmail.com,Karlee.Plato@gmail.com,developer
153,Ermengarde,Brenn,Ermengarde.Brenn@yopmail.com,Ermengarde.Brenn@gmail.com,firefighter
154,Candi,Dearborn,Candi.Dearborn@yopmail.com,Candi.Dearborn@gmail.com,police officer
155,Lynea,Syd,Lynea.Syd@yopmail.com,Lynea.Syd@gmail.com,worker
156,Christy,Simmonds,Christy.Simmonds@yopmail.com,Christy.Simmonds@gmail.com,police officer
157,Eolanda,Toni,Eolanda.Toni@yopmail.com,Eolanda.Toni@gmail.com,firefighter
158,Norine,Israeli,Norine.Israeli@yopmail.com,Norine.Israeli@gmail.com,firefighter
159,Olivette,Gregrory,Olivette.Gregrory@yopmail.com,Olivette.Gregrory@gmail.com,developer
160,Kaia,Guildroy,Kaia.Guildroy@yopmail.com,Kaia.Guildroy@gmail.com,worker
161,Suzette,Connelly,Suzette.Connelly@yopmail.com,Suzette.Connelly@gmail.com,doctor
162,Elmira,Georas,Elmira.Georas@yopmail.com,Elmira.Georas@gmail.com,developer
163,Tybie,Doig,Tybie.Doig@yopmail.com,Tybie.Doig@gmail.com,developer
164,Zsa Zsa,Blake,Zsa Zsa.Blake@yopmail.com,Zsa Zsa.Blake@gmail.com,worker
165,Nananne,Auberbach,Nananne.Auberbach@yopmail.com,Nananne.Auberbach@gmail.com,worker
166,Margette,Tremayne,Margette.Tremayne@yopmail.com,Margette.Tremayne@gmail.com,doctor
167,Lelah,O'Neill,Lelah.O'Neill@yopmail.com,Lelah.O'Neill@gmail.com,developer
168,Liana,Bates,Liana.Bates@yopmail.com,Liana.Bates@gmail.com,doctor
169,Gilligan,Thornburg,Gilligan.Thornburg@yopmail.com,Gilligan.Thornburg@gmail.com,doctor
170,Britni,Dichy,Britni.Dichy@yopmail.com,Britni.Dichy@gmail.com,developer
171,Roberta,McLaughlin,Roberta.McLaughlin@yopmail.com,Roberta.McLaughlin@gmail.com,worker
172,Philis,Odell,Philis.Odell@yopmail.com,Philis.Odell@gmail.com,developer
173,Annecorinne,Hewitt,Annecorinne.Hewitt@yopmail.com,Annecorinne.Hewitt@gmail.com,doctor
174,Delilah,Leffen,Delilah.Leffen@yopmail.com,Delilah.Leffen@gmail.com,firefighter
175,Ninnetta,Bergman,Ninnetta.Bergman@yopmail.com,Ninnetta.Bergman@gmail.com,worker
176,Elsie,McLaughlin,Elsie.McLaughlin@yopmail.com,Elsie.McLaughlin@gmail.com,worker
177,Vita,Faria,Vita.Faria@yopmail.com,Vita.Faria@gmail.com,developer
178,Briney,Haerr,Briney.Haerr@yopmail.com,Briney.Haerr@gmail.com,firefighter
179,Lily,Lia,Lily.Lia@yopmail.com,Lily.Lia@gmail.com,firefighter
180,Tamqrah,Hylan,Tamqrah.Hylan@yopmail.com,Tamqrah.Hylan@gmail.com,police officer
181,Marcelline,Nerita,Marcelline.Nerita@yopmail.com,Marcelline.Nerita@gmail.com,firefighter
182,Wynne,Pettiford,Wynne.Pettiford@yopmail.com,Wynne.Pettiford@gmail.com,developer
183,Tracey,Colyer,Tracey.Colyer@yopmail.com,Tracey.Colyer@gmail.com,doctor
184,Dania,Tound,Dania.Tound@yopmail.com,Dania.Tound@gmail.com,worker
185,Nananne,Ciro,Nananne.Ciro@yopmail.com,Nananne.Ciro@gmail.com,doctor
186,Bertine,Soneson,Bertine.Soneson@yopmail.com,Bertine.Soneson@gmail.com,doctor
187,Maisey,Karl,Maisey.Karl@yopmail.com,Maisey.Karl@gmail.com,police officer
188,Susan,Edvard,Susan.Edvard@yopmail.com,Susan.Edvard@gmail.com,worker
189,Fanchon,Oriana,Fanchon.Oriana@yopmail.com,Fanchon.Oriana@gmail.com,doctor
190,Merry,Carri,Merry.Carri@yopmail.com,Merry.Carri@gmail.com,developer
191,Gabi,Maisey,Gabi.Maisey@yopmail.com,Gabi.Maisey@gmail.com,firefighter
192,Constance,Caitlin,Constance.Caitlin@yopmail.com,Constance.Caitlin@gmail.com,developer
193,Jsandye,Catie,Jsandye.Catie@yopmail.com,Jsandye.Catie@gmail.com,police officer
194,Netty,Armanda,Netty.Armanda@yopmail.com,Netty.Armanda@gmail.com,police officer
195,Alie,Stanwood,Alie.Stanwood@yopmail.com,Alie.Stanwood@gmail.com,doctor
196,Mady,Lay,Mady.Lay@yopmail.com,Mady.Lay@gmail.com,doctor
197,Shauna,Nelsen,Shauna.Nelsen@yopmail.com,Shauna.Nelsen@gmail.com,firefighter
198,Ronna,Berl,Ronna.Berl@yopmail.com,Ronna.Berl@gmail.com,developer
199,Kerrin,Winthorpe,Kerrin.Winthorpe@yopmail.com,Kerrin.Winthorpe@gmail.com,worker